Province,District,Dependent Locality,Provincia Codigo,Distrito Codigo,Corregimiento codigoBocas del Toro,Almirante,Puerto Almirante,PM01,PM01AL,PM01ALPUBocas del Toro,Almirante,Barriada Guaym_,PM01,PM01AL,PM01ALBABocas del Toro,Almirante,Barrio Franc퍌s,PM01,PM01AL,PM01ALBABocas del Toro,Almirante,Nance de Risc_,PM01,PM01AL,PM01ALNABocas del Toro,Almirante,Valle de Aguas Arriba,PM01,PM01AL,PM01ALVABocas del Toro,Almirante,Valle de Risc_,PM01,PM01AL,PM01ALVABocas del Toro,Bocas del Toro,Bastimentos,PM01,PM01BO,PM01BOBABocas del Toro,Bocas del Toro,Bocas del Toro,PM01,PM01BO,PM01BOBOBocas del Toro,Bocas del Toro,Cauchero,PM01,PM01BO,PM01BOCABocas del Toro,Bocas del Toro,Punta Laurel,PM01,PM01BO,PM01BOPUBocas del Toro,Bocas del Toro,Tierra Oscura,PM01,PM01BO,PM01BOTIBocas del Toro,Changuinola,Changuinola,PM01,PM01CG,PM01CGCHBocas del Toro,Changuinola,Cochigro,PM01,PM01CG,PM01CGCOBocas del Toro,Changuinola,El Empalme,PM01,PM01CG,PM01CGELBocas del Toro,Changuinola,Guabito,PM01,PM01CG,PM01CGGUBocas del Toro,Changuinola,La Gloria,PM01,PM01CG,PM01CGLABocas del Toro,Changuinola,Las Delicias,PM01,PM01CG,PM01CGLABocas del Toro,Changuinola,Las Tablas,PM01,PM01CG,PM01CGLABocas del Toro,Changuinola,Barriada 4 de Abril,PM01,PM01CG,PM01CGBABocas del Toro,Changuinola,El Teribe,PM01,PM01CG,PM01CGELBocas del Toro,Changuinola,Finca 30,PM01,PM01CG,PM01CGFIBocas del Toro,Changuinola,Finca 60,PM01,PM01CG,PM01CGFIBocas del Toro,Changuinola,Finca 6,PM01,PM01CG,PM01CGFIBocas del Toro,Changuinola,El Silencio,PM01,PM01CG,PM01CGELBocas del Toro,Chiriqu_ Grande,Bajo Cedro,PM01,PM01CH,PM01CHBABocas del Toro,Chiriqu_ Grande,Chiriqu_ Grande,PM01,PM01CH,PM01CHCHBocas del Toro,Chiriqu_ Grande,Miramar,PM01,PM01CH,PM01CHMIBocas del Toro,Chiriqu_ Grande,Punta Pe퍔a,PM01,PM01CH,PM01CHPUBocas del Toro,Chiriqu_ Grande,Punta Robalo,PM01,PM01CH,PM01CHPUBocas del Toro,Chiriqu_ Grande,Rambala,PM01,PM01CH,PM01CHRAChiriqu_,Alanje,Santiago de Alanje,PM02,PM02AL,PM02ALSAChiriqu_,Alanje,Dival퍠,PM02,PM02AL,PM02ALDIChiriqu_,Alanje,Canta Gallo,PM02,PM02AL,PM02ALCAChiriqu_,Alanje,El Tejar,PM02,PM02AL,PM02ALELChiriqu_,Alanje,Guarumal,PM02,PM02AL,PM02ALGUChiriqu_,Alanje,Nuevo M퍌xico,PM02,PM02AL,PM02ALNUChiriqu_,Alanje,Quer퍌valo,PM02,PM02AL,PM02ALQUChiriqu_,Alanje,Palo Grande,PM02,PM02AL,PM02ALPAChiriqu_,Alanje,Santo Tom퍠s,PM02,PM02AL,PM02ALSAChiriqu_,Bar퍞,Baco,PM02,PM02BA,PM02BABAChiriqu_,Bar퍞,Limones,PM02,PM02BA,PM02BALIChiriqu_,Bar퍞,Progreso,PM02,PM02BA,PM02BAPRChiriqu_,Bar퍞,Puerto Tom퍠s Armuelles,PM02,PM02BA,PM02BAPUChiriqu_,Bar퍞,Rodolfo Aguilar Delgado,PM02,PM02BA,PM02BAROChiriqu_,Boquer_n,B퍠gala,PM02,PM02BQ,PM02BQB패Chiriqu_,Boquer_n,Boquer_n,PM02,PM02BQ,PM02BQBOChiriqu_,Boquer_n,Cordillera,PM02,PM02BQ,PM02BQCOChiriqu_,Boquer_n,Guabal,PM02,PM02BQ,PM02BQGUChiriqu_,Boquer_n,Guayabal,PM02,PM02BQ,PM02BQGUChiriqu_,Boquer_n,Para_so,PM02,PM02BQ,PM02BQPAChiriqu_,Boquer_n,Pedregal,PM02,PM02BQ,PM02BQPEChiriqu_,Boquer_n,Tijeras,PM02,PM02BQ,PM02BQTIChiriqu_,Boquete,Alto Boquete,PM02,PM02BO,PM02BOALChiriqu_,Boquete,Bajo Boquete,PM02,PM02BO,PM02BOBAChiriqu_,Boquete,Caldera,PM02,PM02BO,PM02BOCAChiriqu_,Boquete,Jaramillo,PM02,PM02BO,PM02BOJAChiriqu_,Boquete,Los Naranjos,PM02,PM02BO,PM02BOLOChiriqu_,Boquete,Palmira,PM02,PM02BO,PM02BOPAChiriqu_,Bugaba,Aserr_o de Garich퍌,PM02,PM02BU,PM02BUASChiriqu_,Bugaba,Bugaba,PM02,PM02BU,PM02BUBUChiriqu_,Bugaba,Cerro Punta,PM02,PM02BU,PM02BUCEChiriqu_,Bugaba,El Bongo,PM02,PM02BU,PM02BUELChiriqu_,Bugaba,G_mez,PM02,PM02BU,PM02BUGChiriqu_,Bugaba,La Concepci_n,PM02,PM02BU,PM02BULAChiriqu_,Bugaba,La Estrella,PM02,PM02BU,PM02BULAChiriqu_,Bugaba,San Andr퍌s,PM02,PM02BU,PM02BUSAChiriqu_,Bugaba,Santa Marta,PM02,PM02BU,PM02BUSAChiriqu_,Bugaba,Santa Rosa,PM02,PM02BU,PM02BUSAChiriqu_,Bugaba,Santo Domingo,PM02,PM02BU,PM02BUSAChiriqu_,Bugaba,Sortov퍠,PM02,PM02BU,PM02BUSOChiriqu_,Bugaba,Volc퍠n,PM02,PM02BU,PM02BUVOChiriqu_,David,Bijagual,PM02,PM02DA,PM02DABIChiriqu_,David,Cochea,PM02,PM02DA,PM02DACOChiriqu_,David,Chiriqu_,PM02,PM02DA,PM02DACHChiriqu_,David,Guac퍠,PM02,PM02DA,PM02DAGUChiriqu_,David,Las Lomas,PM02,PM02DA,PM02DALAChiriqu_,David,Pedregal,PM02,PM02DA,PM02DAPEChiriqu_,David,San Carlos,PM02,PM02DA,PM02DASAChiriqu_,David,San Jos퍌 de David,PM02,PM02DA,PM02DASAChiriqu_,David,San Pablo Nuevo,PM02,PM02DA,PM02DASAChiriqu_,David,San Pablo Viejo,PM02,PM02DA,PM02DASAChiriqu_,Dolega,San Francisco de Dolega,PM02,PM02DO,PM02DOSAChiriqu_,Dolega,Dos R_os,PM02,PM02DO,PM02DODOChiriqu_,Dolega,Los Algarrobos,PM02,PM02DO,PM02DOLOChiriqu_,Dolega,Los Anastacios,PM02,PM02DO,PM02DOLOChiriqu_,Dolega,Potrerillos,PM02,PM02DO,PM02DOPOChiriqu_,Dolega,Potrerillos Abajo,PM02,PM02DO,PM02DOPOChiriqu_,Dolega,Rovira,PM02,PM02DO,PM02DOROChiriqu_,Dolega,Tinajas,PM02,PM02DO,PM02DOTIChiriqu_,Gualaca,Gualaca,PM02,PM02GU,PM02GUGUChiriqu_,Gualaca,Hornito,PM02,PM02GU,PM02GUHOChiriqu_,Gualaca,Los Angeles,PM02,PM02GU,PM02GULOChiriqu_,Gualaca,Paja de Sombrero,PM02,PM02GU,PM02GUPAChiriqu_,Gualaca,Rinc_n,PM02,PM02GU,PM02GURIChiriqu_,Remedios,El Nancito,PM02,PM02RM,PM02RMELChiriqu_,Remedios,El Porvenir,PM02,PM02RM,PM02RMELChiriqu_,Remedios,El Puerto,PM02,PM02RM,PM02RMELChiriqu_,Remedios,Nuestra Se퍔ora de los Remedios,PM02,PM02RM,PM02RMNUChiriqu_,Remedios,Santa Luc_a,PM02,PM02RM,PM02RMSAChiriqu_,Renacimiento,Bre퍔_n,PM02,PM02RE,PM02REBRChiriqu_,Renacimiento,Ca퍔as Gordas,PM02,PM02RE,PM02RECAChiriqu_,Renacimiento,Dominical,PM02,PM02RE,PM02REDOChiriqu_,Renacimiento,Monte Lirio,PM02,PM02RE,PM02REMOChiriqu_,Renacimiento,Plaza de Cais퍠n,PM02,PM02RE,PM02REPLChiriqu_,Renacimiento,R_o Sereno,PM02,PM02RE,PM02RER팴Chiriqu_,Renacimiento,Santa Cruz,PM02,PM02RE,PM02RESAChiriqu_,Renacimiento,Santa Clara,PM02,PM02RE,PM02RESAChiriqu_,San F퍌lix,Las Lajas,PM02,PM02SF,PM02SFLAChiriqu_,San F퍌lix,Lajas Adentro,PM02,PM02SF,PM02SFLAChiriqu_,San F퍌lix,Juay,PM02,PM02SF,PM02SFJUChiriqu_,San F퍌lix,San F퍌lix,PM02,PM02SF,PM02SFSAChiriqu_,San F퍌lix,Santa Cruz,PM02,PM02SF,PM02SFSAChiriqu_,San Lorenzo,Boca Chica,PM02,PM02SA,PM02SABOChiriqu_,San Lorenzo,Boca del Monte,PM02,PM02SA,PM02SABOChiriqu_,San Lorenzo,Horconcitos,PM02,PM02SA,PM02SAHOChiriqu_,San Lorenzo,San Juan,PM02,PM02SA,PM02SASAChiriqu_,San Lorenzo,San Lorenzo,PM02,PM02SA,PM02SASAChiriqu_,Tol퍌,Bella Vista,PM02,PM02TO,PM02TOBEChiriqu_,Tol퍌,Cerro Viejo,PM02,PM02TO,PM02TOCEChiriqu_,Tol퍌,El Cristo,PM02,PM02TO,PM02TOELChiriqu_,Tol퍌,Justo Fidel Palacios,PM02,PM02TO,PM02TOJUChiriqu_,Tol퍌,Lajas de Tol퍌,PM02,PM02TO,PM02TOLAChiriqu_,Tol퍌,Potrero de Ca퍔a,PM02,PM02TO,PM02TOPOChiriqu_,Tol퍌,Quebrada de Piedra,PM02,PM02TO,PM02TOQUChiriqu_,Tol퍌,Tol퍌,PM02,PM02TO,PM02TOTOChiriqu_,Tol퍌,Veladero,PM02,PM02TO,PM02TOVECocl퍌,Aguadulce,San Juan Bautista de Aguadulce,PM03,PM03AG,PM03AGSACocl퍌,Aguadulce,Barrios Unidos,PM03,PM03AG,PM03AGBACocl퍌,Aguadulce,El Cristo,PM03,PM03AG,PM03AGELCocl퍌,Aguadulce,El Roble,PM03,PM03AG,PM03AGELCocl퍌,Aguadulce,Pocr_,PM03,PM03AG,PM03AGPOCocl퍌,Ant_n,Ant_n,PM03,PM03AN,PM03ANANCocl퍌,Ant_n,Caballero,PM03,PM03AN,PM03ANCACocl퍌,Ant_n,Cabuya,PM03,PM03AN,PM03ANCACocl퍌,Ant_n,El Chir퍞,PM03,PM03AN,PM03ANELCocl퍌,Ant_n,El Retiro,PM03,PM03AN,PM03ANELCocl퍌,Ant_n,El Valle,PM03,PM03AN,PM03ANELCocl퍌,Ant_n,Juan D_az,PM03,PM03AN,PM03ANJUCocl퍌,Ant_n,R_o Hato,PM03,PM03AN,PM03ANR팴Cocl퍌,Ant_n,San Juan de Dios,PM03,PM03AN,PM03ANSACocl퍌,Ant_n,Santa Rita,PM03,PM03AN,PM03ANSACocl퍌,La Pintada,El Harino,PM03,PM03LA,PM03LAELCocl퍌,La Pintada,El Potrero,PM03,PM03LA,PM03LAELCocl퍌,La Pintada,La Pintada,PM03,PM03LA,PM03LALACocl퍌,La Pintada,Las Lomas,PM03,PM03LA,PM03LALACocl퍌,La Pintada,Llano Grande,PM03,PM03LA,PM03LALLCocl퍌,La Pintada,Piedras Gordas,PM03,PM03LA,PM03LAPICocl퍌,La Pintada,Llano Norte,PM03,PM03LA,PM03LALLCocl퍌,Nat퍠,Capellan_a,PM03,PM03NA,PM03NACACocl퍌,Nat퍠,El Ca퍔o,PM03,PM03NA,PM03NAELCocl퍌,Nat퍠,Guzm퍠n,PM03,PM03NA,PM03NAGUCocl퍌,Nat퍠,Las Huacas,PM03,PM03NA,PM03NALACocl퍌,Nat퍠,Nat퍠,PM03,PM03NA,PM03NANACocl퍌,Nat퍠,Toza,PM03,PM03NA,PM03NATOCocl퍌,Ol퍠,El Cop퍌,PM03,PM03OL,PM03OLELCocl퍌,Ol퍠,El Palmar,PM03,PM03OL,PM03OLELCocl퍌,Ol퍠,El Picacho,PM03,PM03OL,PM03OLELCocl퍌,Ol퍠,La Pava,PM03,PM03OL,PM03OLLACocl퍌,Ol퍠,Ol퍠,PM03,PM03OL,PM03OLOLCocl퍌,Penonom퍌,Ca퍔averal,PM03,PM03PE,PM03PECACocl퍌,Penonom퍌,Cocl퍌,PM03,PM03PE,PM03PECOCocl퍌,Penonom퍌,Chiguir_ Arriba,PM03,PM03PE,PM03PECHCocl퍌,Penonom퍌,El Coco,PM03,PM03PE,PM03PEELCocl퍌,Penonom퍌,El Valle de San Miguel,PM03,PM03PE,PM03PEELCocl퍌,Penonom퍌,Pajonal,PM03,PM03PE,PM03PEPACocl퍌,Penonom퍌,Penonom퍌,PM03,PM03PE,PM03PEPECocl퍌,Penonom퍌,R_o Grande,PM03,PM03PE,PM03PER팴Cocl퍌,Penonom퍌,R_o Indio,PM03,PM03PE,PM03PER팴Cocl퍌,Penonom퍌,Toabr퍌,PM03,PM03PE,PM03PETOCocl퍌,Penonom퍌,Tul퍞,PM03,PM03PE,PM03PETUCol_n,Col_n,Barrio Norte,PM04,PM04CO,PM04COBACol_n,Col_n,Barrio Sur,PM04,PM04CO,PM04COBACol_n,Col_n,Buena Vista,PM04,PM04CO,PM04COBUCol_n,Col_n,Cativ퍠,PM04,PM04CO,PM04COCACol_n,Col_n,Ciricito,PM04,PM04CO,PM04COCICol_n,Col_n,Crist_bal,PM04,PM04CO,PM04COCRCol_n,Col_n,Escobal,PM04,PM04CO,PM04COESCol_n,Col_n,Lim_n,PM04,PM04CO,PM04COLICol_n,Col_n,Nueva Providencia,PM04,PM04CO,PM04CONUCol_n,Col_n,Puerto Pil_n,PM04,PM04CO,PM04COPUCol_n,Col_n,Sabanitas,PM04,PM04CO,PM04COSACol_n,Col_n,Salamanca,PM04,PM04CO,PM04COSACol_n,Col_n,San Juan,PM04,PM04CO,PM04COSACol_n,Col_n,Santa Rosa,PM04,PM04CO,PM04COSACol_n,Chagres,Achiote,PM04,PM04CH,PM04CHACCol_n,Chagres,El Guabo,PM04,PM04CH,PM04CHELCol_n,Chagres,La Encantada,PM04,PM04CH,PM04CHLACol_n,Chagres,Nuevo Chagres,PM04,PM04CH,PM04CHNUCol_n,Chagres,Palmas Bellas,PM04,PM04CH,PM04CHPACol_n,Chagres,Pi퍔a,PM04,PM04CH,PM04CHPICol_n,Chagres,Salud,PM04,PM04CH,PM04CHSACol_n,Donoso,Cocl퍌 del Norte,PM04,PM04DO,PM04DOCOCol_n,Donoso,El Gu퍠simo,PM04,PM04DO,PM04DOELCol_n,Donoso,Gobea,PM04,PM04DO,PM04DOGOCol_n,Donoso,Miguel de la Borda,PM04,PM04DO,PM04DOMICol_n,Donoso,R_o Indio,PM04,PM04DO,PM04DOR팴Col_n,Donoso,San Jos퍌 del General,PM04,PM04DO,PM04DOSACol_n,Portobelo,Cacique,PM04,PM04PO,PM04POCACol_n,Portobelo,Garrote,PM04,PM04PO,PM04POGACol_n,Portobelo,Isla Grande,PM04,PM04PO,PM04POISCol_n,Portobelo,Mar_a Chiquita,PM04,PM04PO,PM04POMACol_n,Portobelo,San Felipe de Portobelo,PM04,PM04PO,PM04POSACol_n,Santa Isabel,Cuango,PM04,PM04SA,PM04SACUCol_n,Santa Isabel,Miramar,PM04,PM04SA,PM04SAMICol_n,Santa Isabel,Nombre de Dios,PM04,PM04SA,PM04SANOCol_n,Santa Isabel,Palenque,PM04,PM04SA,PM04SAPACol_n,Santa Isabel,Palmira,PM04,PM04SA,PM04SAPACol_n,Santa Isabel,Playa Chiquita,PM04,PM04SA,PM04SAPLCol_n,Santa Isabel,Santa Isabel,PM04,PM04SA,PM04SASACol_n,Santa Isabel,Viento Fr_o,PM04,PM04SA,PM04SAVIDari퍌n,Chepigana,Agua Fr_a,PM05,PM05CH,PM05CHAGDari퍌n,Chepigana,Camogant_,PM05,PM05CH,PM05CHCADari퍌n,Chepigana,Chepigana,PM05,PM05CH,PM05CHCHDari퍌n,Chepigana,Cucunat_,PM05,PM05CH,PM05CHCUDari퍌n,Chepigana,Garachin퍌,PM05,PM05CH,PM05CHGADari퍌n,Chepigana,Jaqu퍌,PM05,PM05CH,PM05CHJADari퍌n,Chepigana,La Palma,PM05,PM05CH,PM05CHLADari퍌n,Chepigana,Puerto Pi퍔a,PM05,PM05CH,PM05CHPUDari퍌n,Chepigana,R_o Congo,PM05,PM05CH,PM05CHR팴Dari퍌n,Chepigana,R_o Congo Arriba,PM05,PM05CH,PM05CHR팴Dari퍌n,Chepigana,R_o Iglesias,PM05,PM05CH,PM05CHR팴Dari퍌n,Chepigana,Samb퍞,PM05,PM05CH,PM05CHSADari퍌n,Chepigana,Setegant_,PM05,PM05CH,PM05CHSEDari퍌n,Chepigana,Santa Fe,PM05,PM05CH,PM05CHSADari퍌n,Chepigana,Taimat_,PM05,PM05CH,PM05CHTADari퍌n,Chepigana,Tucut_,PM05,PM05CH,PM05CHTUDari퍌n,Pinogana,Boca de Cupe,PM05,PM05PI,PM05PIBODari퍌n,Pinogana,El Real de Santa Mar_a,PM05,PM05PI,PM05PIELDari퍌n,Pinogana,Metet_,PM05,PM05PI,PM05PIMEDari퍌n,Pinogana,Paya,PM05,PM05PI,PM05PIPADari퍌n,Pinogana,Pinogana,PM05,PM05PI,PM05PIPIDari퍌n,Pinogana,P퍞curo,PM05,PM05PI,PM05PIP_Dari퍌n,Pinogana,Yape,PM05,PM05PI,PM05PIYADari퍌n,Pinogana,Yaviza,PM05,PM05PI,PM05PIYADari퍌n,Pinogana,Wargand_,PM05,PM05PI,PM05PIWAHerrera,Chitr퍌,Chitr퍌,PM06,PM06CH,PM06CHCHHerrera,Chitr퍌,La Arena,PM06,PM06CH,PM06CHLAHerrera,Chitr퍌,Llano Bonito,PM06,PM06CH,PM06CHLLHerrera,Chitr퍌,San Juan Bautista.,PM06,PM06CH,PM06CHSAHerrera,Chitr퍌,San Miguel de Monagrillo,PM06,PM06CH,PM06CHSAHerrera,Las Minas,Chepo,PM06,PM06LA,PM06LACHHerrera,Las Minas,Chumical,PM06,PM06LA,PM06LACHHerrera,Las Minas,El Toro,PM06,PM06LA,PM06LAELHerrera,Las Minas,Las Minas,PM06,PM06LA,PM06LALAHerrera,Las Minas,Leones,PM06,PM06LA,PM06LALEHerrera,Las Minas,Quebrada del Rosario,PM06,PM06LA,PM06LAQUHerrera,Las Minas,Quebrada El Cipri퍠n,PM06,PM06LA,PM06LAQUHerrera,Los Pozos,El Capur_,PM06,PM06LO,PM06LOELHerrera,Los Pozos,El Calabacito,PM06,PM06LO,PM06LOELHerrera,Los Pozos,El Cedro,PM06,PM06LO,PM06LOELHerrera,Los Pozos,La Arena,PM06,PM06LO,PM06LOLAHerrera,Los Pozos,La Pitaloza,PM06,PM06LO,PM06LOLAHerrera,Los Pozos,Las Llanas,PM06,PM06LO,PM06LOLAHerrera,Los Pozos,Los Cerritos,PM06,PM06LO,PM06LOLOHerrera,Los Pozos,Los Cerros de Paja,PM06,PM06LO,PM06LOLOHerrera,Los Pozos,Los Pozos,PM06,PM06LO,PM06LOLOHerrera,Oc퍞,Cerro Largo,PM06,PM06OC,PM06OCCEHerrera,Oc퍞,El Tijera,PM06,PM06OC,PM06OCELHerrera,Oc퍞,Entradero del Castillo,PM06,PM06OC,PM06OCENHerrera,Oc퍞,Los Llanos,PM06,PM06OC,PM06OCLOHerrera,Oc퍞,Llano Grande,PM06,PM06OC,PM06OCLLHerrera,Oc퍞,Menchaca,PM06,PM06OC,PM06OCMEHerrera,Oc퍞,Pe퍔as Chatas,PM06,PM06OC,PM06OCPEHerrera,Oc퍞,San Sebasti퍠n de Oc퍞,PM06,PM06OC,PM06OCSAHerrera,Parita,Cabuya,PM06,PM06PA,PM06PACAHerrera,Parita,Los Castillos,PM06,PM06PA,PM06PALOHerrera,Parita,Llano de la Cruz,PM06,PM06PA,PM06PALLHerrera,Parita,Par_s,PM06,PM06PA,PM06PAPAHerrera,Parita,Parita,PM06,PM06PA,PM06PAPAHerrera,Parita,Portobelillo,PM06,PM06PA,PM06PAPOHerrera,Parita,Potuga,PM06,PM06PA,PM06PAPOHerrera,Pes퍌,El Barrero,PM06,PM06PE,PM06PEELHerrera,Pes퍌,El Pedregoso,PM06,PM06PE,PM06PEELHerrera,Pes퍌,El Ciruelo,PM06,PM06PE,PM06PEELHerrera,Pes퍌,El P퍠jaro,PM06,PM06PE,PM06PEELHerrera,Pes퍌,Las Cabras,PM06,PM06PE,PM06PELAHerrera,Pes퍌,Pes퍌,PM06,PM06PE,PM06PEPEHerrera,Pes퍌,Rinc_n Hondo,PM06,PM06PE,PM06PERIHerrera,Pes퍌,Sabanagrande,PM06,PM06PE,PM06PESAHerrera,Santa Mar_a,Chupampa,PM06,PM06SA,PM06SACHHerrera,Santa Mar_a,El Rinc_n,PM06,PM06SA,PM06SAELHerrera,Santa Mar_a,El Lim_n,PM06,PM06SA,PM06SAELHerrera,Santa Mar_a,Los Canelos,PM06,PM06SA,PM06SALOHerrera,Santa Mar_a,Santa Mar_a,PM06,PM06SA,PM06SASALos Santos,Guarar퍌,El Espinal,PM07,PM07GU,PM07GUELLos Santos,Guarar퍌,El Hato,PM07,PM07GU,PM07GUELLos Santos,Guarar퍌,El Macano,PM07,PM07GU,PM07GUELLos Santos,Guarar퍌,Guarar퍌,PM07,PM07GU,PM07GUGULos Santos,Guarar퍌,Guarar퍌 Arriba,PM07,PM07GU,PM07GUGULos Santos,Guarar퍌,La Enea,PM07,PM07GU,PM07GULALos Santos,Guarar퍌,La Pasera,PM07,PM07GU,PM07GULALos Santos,Guarar퍌,Las Trancas,PM07,PM07GU,PM07GULALos Santos,Guarar퍌,Llano Abajo,PM07,PM07GU,PM07GULLLos Santos,Guarar퍌,Perales,PM07,PM07GU,PM07GUPELos Santos,Las Tablas,Bajo Corral,PM07,PM07LA,PM07LABALos Santos,Las Tablas,Bayano,PM07,PM07LA,PM07LABALos Santos,Las Tablas,El Carate,PM07,PM07LA,PM07LAELLos Santos,Las Tablas,El Cocal,PM07,PM07LA,PM07LAELLos Santos,Las Tablas,El Manantial,PM07,PM07LA,PM07LAELLos Santos,Las Tablas,El Mu퍔oz,PM07,PM07LA,PM07LAELLos Santos,Las Tablas,El Pedregoso,PM07,PM07LA,PM07LAELLos Santos,Las Tablas,El Sesteadero,PM07,PM07LA,PM07LAELLos Santos,Las Tablas,La Laja,PM07,PM07LA,PM07LALALos Santos,Las Tablas,La Miel,PM07,PM07LA,PM07LALALos Santos,Las Tablas,La Palma,PM07,PM07LA,PM07LALALos Santos,Las Tablas,La Tiza,PM07,PM07LA,PM07LALALos Santos,Las Tablas,Las Palmitas,PM07,PM07LA,PM07LALALos Santos,Las Tablas,Las Tablas,PM07,PM07LA,PM07LALALos Santos,Las Tablas,Las Tablas Abajo,PM07,PM07LA,PM07LALALos Santos,Las Tablas,Nuario,PM07,PM07LA,PM07LANULos Santos,Las Tablas,Palmira,PM07,PM07LA,PM07LAPALos Santos,Las Tablas,Pe퍔a Blanca,PM07,PM07LA,PM07LAPELos Santos,Las Tablas,R_o Hondo,PM07,PM07LA,PM07LAR팴Los Santos,Las Tablas,San Jos퍌,PM07,PM07LA,PM07LASALos Santos,Las Tablas,San Miguel,PM07,PM07LA,PM07LASALos Santos,Las Tablas,Santo Domingo,PM07,PM07LA,PM07LASALos Santos,Las Tablas,Valle Rico,PM07,PM07LA,PM07LAVALos Santos,Las Tablas,Vallerriquito,PM07,PM07LA,PM07LAVALos Santos,Los Santos,El Ejido,PM07,PM07LO,PM07LOELLos Santos,Los Santos,El Gu퍠simo,PM07,PM07LO,PM07LOELLos Santos,Los Santos,La Colorada,PM07,PM07LO,PM07LOLALos Santos,Los Santos,La Espigadilla,PM07,PM07LO,PM07LOLALos Santos,Los Santos,La Villa de Los Santos,PM07,PM07LO,PM07LOLALos Santos,Los Santos,Las Cruces,PM07,PM07LO,PM07LOLALos Santos,Los Santos,Las Guabas,PM07,PM07LO,PM07LOLALos Santos,Los Santos,Los 패ngeles,PM07,PM07LO,PM07LOLOLos Santos,Los Santos,Los Olivos,PM07,PM07LO,PM07LOLOLos Santos,Los Santos,Llano Largo,PM07,PM07LO,PM07LOLLLos Santos,Los Santos,Sabanagrande,PM07,PM07LO,PM07LOSALos Santos,Los Santos,Santa Ana,PM07,PM07LO,PM07LOSALos Santos,Los Santos,Tres Quebradas,PM07,PM07LO,PM07LOTRLos Santos,Los Santos,Villa Lourdes,PM07,PM07LO,PM07LOVILos Santos,Los Santos,Agua Buena,PM07,PM07LO,PM07LOAGLos Santos,Macaracas,Bah_a Honda,PM07,PM07MA,PM07MABALos Santos,Macaracas,Bajos de G_era,PM07,PM07MA,PM07MABALos Santos,Macaracas,Corozal,PM07,PM07MA,PM07MACOLos Santos,Macaracas,Chup퍠,PM07,PM07MA,PM07MACHLos Santos,Macaracas,El Cedro,PM07,PM07MA,PM07MAELLos Santos,Macaracas,Espino Amarillo,PM07,PM07MA,PM07MAESLos Santos,Macaracas,La Mesa,PM07,PM07MA,PM07MALALos Santos,Macaracas,Las Palmas,PM07,PM07MA,PM07MALALos Santos,Macaracas,Llano de Piedras,PM07,PM07MA,PM07MALLLos Santos,Macaracas,Macaracas,PM07,PM07MA,PM07MAMALos Santos,Macaracas,Mogoll_n,PM07,PM07MA,PM07MAMOLos Santos,Pedas_,Los Asientos,PM07,PM07PE,PM07PELOLos Santos,Pedas_,Mariab퍌,PM07,PM07PE,PM07PEMALos Santos,Pedas_,Oria Arriba,PM07,PM07PE,PM07PEORLos Santos,Pedas_,Pedas_,PM07,PM07PE,PM07PEPELos Santos,Pedas_,Purio,PM07,PM07PE,PM07PEPULos Santos,Pocr_,El Ca퍔af_stulo,PM07,PM07PO,PM07POELLos Santos,Pocr_,Lajamina,PM07,PM07PO,PM07POLALos Santos,Pocr_,Para_so,PM07,PM07PO,PM07POPALos Santos,Pocr_,Paritilla,PM07,PM07PO,PM07POPALos Santos,Pocr_,Pocr_,PM07,PM07PO,PM07POPOLos Santos,Tonos_,Altos de G_era,PM07,PM07TO,PM07TOALLos Santos,Tonos_,Cambutal,PM07,PM07TO,PM07TOCALos Santos,Tonos_,Ca퍔as,PM07,PM07TO,PM07TOCALos Santos,Tonos_,El Bebedero,PM07,PM07TO,PM07TOELLos Santos,Tonos_,El Cacao,PM07,PM07TO,PM07TOELLos Santos,Tonos_,El Cortezo,PM07,PM07TO,PM07TOELLos Santos,Tonos_,Flores,PM07,PM07TO,PM07TOFLLos Santos,Tonos_,Gu퍠nico,PM07,PM07TO,PM07TOGULos Santos,Tonos_,Isla de Ca퍔as,PM07,PM07TO,PM07TOISLos Santos,Tonos_,La Tronosa,PM07,PM07TO,PM07TOLALos Santos,Tonos_,Tonos_,PM07,PM07TO,PM07TOTOPanam퍠,Balboa,La Ensenada,PM08,PM08BA,PM08BALAPanam퍠,Balboa,La Esmeralda,PM08,PM08BA,PM08BALAPanam퍠,Balboa,La Guinea,PM08,PM08BA,PM08BALAPanam퍠,Balboa,Pedro Gonz퍠lez,PM08,PM08BA,PM08BAPEPanam퍠,Balboa,Saboga,PM08,PM08BA,PM08BASAPanam퍠,Balboa,San Miguel,PM08,PM08BA,PM08BASAPanam퍠,Chepo,Ca퍔ita,PM08,PM08CH,PM08CHCAPanam퍠,Chepo,Chepillo,PM08,PM08CH,PM08CHCHPanam퍠,Chepo,El Llano,PM08,PM08CH,PM08CHELPanam퍠,Chepo,Las Margaritas,PM08,PM08CH,PM08CHLAPanam퍠,Chepo,Madugand_,PM08,PM08CH,PM08CHMAPanam퍠,Chepo,San Crist_bal de Chepo,PM08,PM08CH,PM08CHSAPanam퍠,Chepo,Santa Cruz de Chinina,PM08,PM08CH,PM08CHSAPanam퍠,Chepo,Tort_,PM08,PM08CH,PM08CHTOPanam퍠,Chim퍠n,Brujas,PM08,PM08CH,PM08CHBRPanam퍠,Chim퍠n,Chim퍠n,PM08,PM08CH,PM08CHCHPanam퍠,Chim퍠n,Gonzalo V퍠squez,PM08,PM08CH,PM08CHGOPanam퍠,Chim퍠n,P퍠siga,PM08,PM08CH,PM08CHP패Panam퍠,Chim퍠n,Uni_n Sante퍔a,PM08,PM08CH,PM08CHUNPanam퍠,Panam퍠,24 de Diciembre,PM08,PM08PA,PM08PA24Panam퍠,Panam퍠,Alcalde D_az,PM08,PM08PA,PM08PAALPanam퍠,Panam퍠,Anc_n,PM08,PM08PA,PM08PAANPanam퍠,Panam퍠,Betania,PM08,PM08PA,PM08PABEPanam퍠,Panam퍠,Bella Vista,PM08,PM08PA,PM08PABEPanam퍠,Panam퍠,Calidonia,PM08,PM08PA,PM08PACAPanam퍠,Panam퍠,Caimitillo,PM08,PM08PA,PM08PACAPanam퍠,Panam퍠,Chilibre,PM08,PM08PA,PM08PACHPanam퍠,Panam퍠,Curund퍞,PM08,PM08PA,PM08PACUPanam퍠,Panam퍠,El Chorrillo,PM08,PM08PA,PM08PAELPanam퍠,Panam퍠,Ernesto C_rdoba Campos,PM08,PM08PA,PM08PAERPanam퍠,Panam퍠,Juan D_az,PM08,PM08PA,PM08PAJUPanam퍠,Panam퍠,Las Cumbres,PM08,PM08PA,PM08PALAPanam퍠,Panam퍠,Las Ma퍔anitas,PM08,PM08PA,PM08PALAPanam퍠,Panam퍠,Pacora,PM08,PM08PA,PM08PAPAPanam퍠,Panam퍠,Parque Lefevre,PM08,PM08PA,PM08PAPAPanam퍠,Panam퍠,Pedregal,PM08,PM08PA,PM08PAPEPanam퍠,Panam퍠,Pueblo Nuevo,PM08,PM08PA,PM08PAPUPanam퍠,Panam퍠,R_o Abajo,PM08,PM08PA,PM08PAR팴Panam퍠,Panam퍠,San Felipe,PM08,PM08PA,PM08PASAPanam퍠,Panam퍠,San Francisco,PM08,PM08PA,PM08PASAPanam퍠,Panam퍠,San Mart_n,PM08,PM08PA,PM08PASAPanam퍠,Panam퍠,Santa Ana,PM08,PM08PA,PM08PASAPanam퍠,Panam퍠,Tocumen,PM08,PM08PA,PM08PATOPanam퍠,San Miguelito,Amelia Denis de Icaza,PM08,PM08SA,PM08SAAMPanam퍠,San Miguelito,Arnulfo Arias,PM08,PM08SA,PM08SAARPanam퍠,San Miguelito,Belisario Fr_as,PM08,PM08SA,PM08SABEPanam퍠,San Miguelito,Belisario Porras,PM08,PM08SA,PM08SABEPanam퍠,San Miguelito,Jos퍌 Domingo Espinar,PM08,PM08SA,PM08SAJOPanam퍠,San Miguelito,Mateo Iturralde,PM08,PM08SA,PM08SAMAPanam퍠,San Miguelito,Omar Torrijos,PM08,PM08SA,PM08SAOMPanam퍠,San Miguelito,Rufina Alfaro,PM08,PM08SA,PM08SARUPanam퍠,San Miguelito,Victoriano Lorenzo,PM08,PM08SA,PM08SAVIPanam퍠,Taboga,Otoque Occidente,PM08,PM08TA,PM08TAOTPanam퍠,Taboga,Otoque Oriente,PM08,PM08TA,PM08TAOTPanam퍠,Taboga,Taboga,PM08,PM08TA,PM08TATAPanam퍠 Oeste,Arraij퍠n,Arraij퍠n,PM13,PM13AR,PM13ARARPanam퍠 Oeste,Arraij퍠n,Burunga,PM13,PM13AR,PM13ARBUPanam퍠 Oeste,Arraij퍠n,Cerro Silvestre,PM13,PM13AR,PM13ARCEPanam퍠 Oeste,Arraij퍠n,Juan Dem_stenes Arosemena,PM13,PM13AR,PM13ARJUPanam퍠 Oeste,Arraij퍠n,Nuevo Emperador,PM13,PM13AR,PM13ARNUPanam퍠 Oeste,Arraij퍠n,Santa Clara,PM13,PM13AR,PM13ARSAPanam퍠 Oeste,Arraij퍠n,Veracruz,PM13,PM13AR,PM13ARVEPanam퍠 Oeste,Arraij퍠n,Vista Alegre,PM13,PM13AR,PM13ARVIPanam퍠 Oeste,Capira,Caimito,PM13,PM13CA,PM13CACAPanam퍠 Oeste,Capira,Campana,PM13,PM13CA,PM13CACAPanam퍠 Oeste,Capira,Capira,PM13,PM13CA,PM13CACAPanam퍠 Oeste,Capira,Cerme퍔o,PM13,PM13CA,PM13CACEPanam퍠 Oeste,Capira,Cir_ de Los Sotos,PM13,PM13CA,PM13CACIPanam퍠 Oeste,Capira,Cir_ Grande,PM13,PM13CA,PM13CACIPanam퍠 Oeste,Capira,El Cacao,PM13,PM13CA,PM13CAELPanam퍠 Oeste,Capira,La Trinidad,PM13,PM13CA,PM13CALAPanam퍠 Oeste,Capira,Las Ollas Arriba,PM13,PM13CA,PM13CALAPanam퍠 Oeste,Capira,L_dice,PM13,PM13CA,PM13CAL팴Panam퍠 Oeste,Capira,Villa Carmen,PM13,PM13CA,PM13CAVIPanam퍠 Oeste,Capira,Villa Rosario,PM13,PM13CA,PM13CAVIPanam퍠 Oeste,Capira,Santa Rosa,PM13,PM13CA,PM13CASAPanam퍠 Oeste,Chame,Bejuco,PM13,PM13CH,PM13CHBEPanam퍠 Oeste,Chame,Buenos Aires,PM13,PM13CH,PM13CHBUPanam퍠 Oeste,Chame,Cabuya,PM13,PM13CH,PM13CHCAPanam퍠 Oeste,Chame,Chame,PM13,PM13CH,PM13CHCHPanam퍠 Oeste,Chame,Chic퍠,PM13,PM13CH,PM13CHCHPanam퍠 Oeste,Chame,El L_bano,PM13,PM13CH,PM13CHELPanam퍠 Oeste,Chame,Las Lajas,PM13,PM13CH,PM13CHLAPanam퍠 Oeste,Chame,Nueva Gorgona,PM13,PM13CH,PM13CHNUPanam퍠 Oeste,Chame,Punta Chame,PM13,PM13CH,PM13CHPUPanam퍠 Oeste,Chame,Sajalices,PM13,PM13CH,PM13CHSAPanam퍠 Oeste,Chame,Sor퍠,PM13,PM13CH,PM13CHSOPanam퍠 Oeste,La Chorrera,Amador,PM13,PM13LA,PM13LAAMPanam퍠 Oeste,La Chorrera,Arosemena,PM13,PM13LA,PM13LAARPanam퍠 Oeste,La Chorrera,Barrio Balboa,PM13,PM13LA,PM13LABAPanam퍠 Oeste,La Chorrera,Barrio Col_n,PM13,PM13LA,PM13LABAPanam퍠 Oeste,La Chorrera,El Arado,PM13,PM13LA,PM13LAELPanam퍠 Oeste,La Chorrera,El Coco,PM13,PM13LA,PM13LAELPanam퍠 Oeste,La Chorrera,Feuillet,PM13,PM13LA,PM13LAFEPanam퍠 Oeste,La Chorrera,Guadalupe,PM13,PM13LA,PM13LAGUPanam퍠 Oeste,La Chorrera,Herrera,PM13,PM13LA,PM13LAHEPanam퍠 Oeste,La Chorrera,Hurtado,PM13,PM13LA,PM13LAHUPanam퍠 Oeste,La Chorrera,Iturralde,PM13,PM13LA,PM13LAITPanam퍠 Oeste,La Chorrera,La Represa,PM13,PM13LA,PM13LALAPanam퍠 Oeste,La Chorrera,Los D_az,PM13,PM13LA,PM13LALOPanam퍠 Oeste,La Chorrera,Mendoza,PM13,PM13LA,PM13LAMEPanam퍠 Oeste,La Chorrera,Obald_a,PM13,PM13LA,PM13LAOBPanam퍠 Oeste,La Chorrera,Playa Leona,PM13,PM13LA,PM13LAPLPanam퍠 Oeste,La Chorrera,Puerto Caimito,PM13,PM13LA,PM13LAPUPanam퍠 Oeste,La Chorrera,Santa Rita,PM13,PM13LA,PM13LASAPanam퍠 Oeste,San Carlos,El Espino,PM13,PM13SA,PM13SAELPanam퍠 Oeste,San Carlos,El Higo,PM13,PM13SA,PM13SAELPanam퍠 Oeste,San Carlos,Guayabito,PM13,PM13SA,PM13SAGUPanam퍠 Oeste,San Carlos,La Ermita,PM13,PM13SA,PM13SALAPanam퍠 Oeste,San Carlos,La Laguna,PM13,PM13SA,PM13SALAPanam퍠 Oeste,San Carlos,Las Uvas,PM13,PM13SA,PM13SALAPanam퍠 Oeste,San Carlos,Los Llanitos,PM13,PM13SA,PM13SALOPanam퍠 Oeste,San Carlos,San Carlos Borromeo,PM13,PM13SA,PM13SASAPanam퍠 Oeste,San Carlos,San Jos퍌,PM13,PM13SA,PM13SASAVeraguas,Atalaya,Jes퍞s Nazareno de Atalaya,PM10,PM10AT,PM10ATJEVeraguas,Atalaya,El Barrito,PM10,PM10AT,PM10ATELVeraguas,Atalaya,La Carrillo,PM10,PM10AT,PM10ATLAVeraguas,Atalaya,La Monta퍔uela,PM10,PM10AT,PM10ATLAVeraguas,Atalaya,San Antonio,PM10,PM10AT,PM10ATSAVeraguas,Calobre,Barnizal,PM10,PM10CA,PM10CABAVeraguas,Calobre,Calobre,PM10,PM10CA,PM10CACAVeraguas,Calobre,Chitra,PM10,PM10CA,PM10CACHVeraguas,Calobre,El Cocla,PM10,PM10CA,PM10CAELVeraguas,Calobre,El Potrero,PM10,PM10CA,PM10CAELVeraguas,Calobre,La Laguna,PM10,PM10CA,PM10CALAVeraguas,Calobre,La Raya de Calobre,PM10,PM10CA,PM10CALAVeraguas,Calobre,La Tetilla,PM10,PM10CA,PM10CALAVeraguas,Calobre,La Yeguada,PM10,PM10CA,PM10CALAVeraguas,Calobre,Las Gu_as,PM10,PM10CA,PM10CALAVeraguas,Calobre,Monjar퍠s,PM10,PM10CA,PM10CAMOVeraguas,Calobre,San Jos퍌,PM10,PM10CA,PM10CASAVeraguas,Ca퍔azas,San Francisco Javier de Ca퍔azas,PM10,PM10CA,PM10CASAVeraguas,Ca퍔azas,Cerro de Plata,PM10,PM10CA,PM10CACEVeraguas,Ca퍔azas,El Aromillo,PM10,PM10CA,PM10CAELVeraguas,Ca퍔azas,El Picador,PM10,PM10CA,PM10CAELVeraguas,Ca퍔azas,Las Cruces,PM10,PM10CA,PM10CALAVeraguas,Ca퍔azas,Los Valles,PM10,PM10CA,PM10CALOVeraguas,Ca퍔azas,San Jos퍌,PM10,PM10CA,PM10CASAVeraguas,Ca퍔azas,San Marcelo,PM10,PM10CA,PM10CASAVeraguas,La Mesa,Bisvalles,PM10,PM10LM,PM10LMBIVeraguas,La Mesa,Bor_,PM10,PM10LM,PM10LMBOVeraguas,La Mesa,El Higo,PM10,PM10LM,PM10LMELVeraguas,La Mesa,La Mesa,PM10,PM10LM,PM10LMLAVeraguas,La Mesa,Los Milagros,PM10,PM10LM,PM10LMLOVeraguas,La Mesa,Llano Grande,PM10,PM10LM,PM10LMLLVeraguas,La Mesa,San Bartolo,PM10,PM10LM,PM10LMSAVeraguas,Las Palmas,Cerro de Casa,PM10,PM10LA,PM10LACEVeraguas,Las Palmas,Corozal,PM10,PM10LA,PM10LACOVeraguas,Las Palmas,El Mar_a,PM10,PM10LA,PM10LAELVeraguas,Las Palmas,El Prado,PM10,PM10LA,PM10LAELVeraguas,Las Palmas,El Rinc_n,PM10,PM10LA,PM10LAELVeraguas,Las Palmas,Las Palmas,PM10,PM10LA,PM10LALAVeraguas,Las Palmas,Lol퍠,PM10,PM10LA,PM10LALOVeraguas,Las Palmas,Manuel Encarnaci_n Amador Terreros,PM10,PM10LA,PM10LAMAVeraguas,Las Palmas,Pixvae,PM10,PM10LA,PM10LAPIVeraguas,Las Palmas,Puerto Vidal,PM10,PM10LA,PM10LAPUVeraguas,Las Palmas,San Mart_n de Porres,PM10,PM10LA,PM10LASAVeraguas,Las Palmas,Vigu_,PM10,PM10LA,PM10LAVIVeraguas,Las Palmas,Zapotillo,PM10,PM10LA,PM10LAZAVeraguas,Mariato,Arenas,PM10,PM10MA,PM10MAARVeraguas,Mariato,El Cacao,PM10,PM10MA,PM10MAELVeraguas,Mariato,Mariato,PM10,PM10MA,PM10MAMAVeraguas,Mariato,Quebro,PM10,PM10MA,PM10MAQUVeraguas,Mariato,Tebario,PM10,PM10MA,PM10MATEVeraguas,Montijo,C퍌baco,PM10,PM10MO,PM10MOC퍿Veraguas,Montijo,Costa Hermosa,PM10,PM10MO,PM10MOCOVeraguas,Montijo,Gobernadora,PM10,PM10MO,PM10MOGOVeraguas,Montijo,La Garceana,PM10,PM10MO,PM10MOLAVeraguas,Montijo,Leones,PM10,PM10MO,PM10MOLEVeraguas,Montijo,Montijo,PM10,PM10MO,PM10MOMOVeraguas,Montijo,Pil_n,PM10,PM10MO,PM10MOPIVeraguas,Montijo,Uni_n del Norte,PM10,PM10MO,PM10MOUNVeraguas,R_o de Jes퍞s,Catorce de Noviembre,PM10,PM10R팴,PM10R팴CAVeraguas,R_o de Jes퍞s,La Ermita de R_o de Jes퍞s,PM10,PM10R팴,PM10R팴LAVeraguas,R_o de Jes퍞s,Las Huacas,PM10,PM10R팴,PM10R팴LAVeraguas,R_o de Jes퍞s,Los Castillos,PM10,PM10R팴,PM10R팴LOVeraguas,R_o de Jes퍞s,Nuevo San Juan,PM10,PM10R팴,PM10R팴NUVeraguas,R_o de Jes퍞s,Utira,PM10,PM10R팴,PM10R팴UTVeraguas,San Francisco,Corral Falso,PM10,PM10SM,PM10SMCOVeraguas,San Francisco,Los Hatillos,PM10,PM10SM,PM10SMLOVeraguas,San Francisco,Remance,PM10,PM10SM,PM10SMREVeraguas,San Francisco,San Francisco de la Monta퍔a,PM10,PM10SM,PM10SMSAVeraguas,San Francisco,San Juan,PM10,PM10SM,PM10SMSAVeraguas,San Francisco,San Jos퍌,PM10,PM10SM,PM10SMSAVeraguas,Santa Fe,Calov퍌bora,PM10,PM10SN,PM10SNCAVeraguas,Santa Fe,El Alto,PM10,PM10SN,PM10SNELVeraguas,Santa Fe,El Cuay,PM10,PM10SN,PM10SNELVeraguas,Santa Fe,El Pantano,PM10,PM10SN,PM10SNELVeraguas,Santa Fe,Gatuncito,PM10,PM10SN,PM10SNGAVeraguas,Santa Fe,R_o Luis,PM10,PM10SN,PM10SNR팴Veraguas,Santa Fe,Rub퍌n Cant퍞,PM10,PM10SN,PM10SNRUVeraguas,Santa Fe,Santa Fe,PM10,PM10SN,PM10SNSAVeraguas,Santiago,Canto del Llano,PM10,PM10SA,PM10SACAVeraguas,Santiago,Carlos Santana 패vila,PM10,PM10SA,PM10SACAVeraguas,Santiago,Edwin F퍠brega,PM10,PM10SA,PM10SAEDVeraguas,Santiago,El Llanito,PM10,PM10SA,PM10SAELVeraguas,Santiago,La Colorada,PM10,PM10SA,PM10SALAVeraguas,Santiago,La Pe퍔a,PM10,PM10SA,PM10SALAVeraguas,Santiago,La Raya de Santa Mar_a,PM10,PM10SA,PM10SALAVeraguas,Santiago,La Soledad,PM10,PM10SA,PM10SALAVeraguas,Santiago,Los Algarrobos,PM10,PM10SA,PM10SALOVeraguas,Santiago,Ponuga,PM10,PM10SA,PM10SAPOVeraguas,Santiago,San Mart_n de Porres,PM10,PM10SA,PM10SASAVeraguas,Santiago,San Pedro del Espino,PM10,PM10SA,PM10SASAVeraguas,Santiago,Santiago Ap_stol,PM10,PM10SA,PM10SASAVeraguas,Santiago,Rinc_n Largo,PM10,PM10SA,PM10SARIVeraguas,Santiago,Urrac퍠,PM10,PM10SA,PM10SAURVeraguas,Son퍠,Bah_a Honda,PM10,PM10SO,PM10SOBAVeraguas,Son퍠,Calidonia,PM10,PM10SO,PM10SOCAVeraguas,Son퍠,Cativ퍌,PM10,PM10SO,PM10SOCAVeraguas,Son퍠,El Mara퍔_n,PM10,PM10SO,PM10SOELVeraguas,Son퍠,Guarumal,PM10,PM10SO,PM10SOGUVeraguas,Son퍠,Hicaco,PM10,PM10SO,PM10SOHIVeraguas,Son퍠,La Soledad,PM10,PM10SO,PM10SOLAVeraguas,Son퍠,Quebrada de Oro,PM10,PM10SO,PM10SOQUVeraguas,Son퍠,R_o Grande,PM10,PM10SO,PM10SOR팴Veraguas,Son퍠,Rodeo Viejo,PM10,PM10SO,PM10SOROVeraguas,Son퍠,Son퍠,PM10,PM10SO,PM10SOSO